dist_bin_left,dist_bin_center,n_total,n_success,pdr,n_success_phy,pdr_phy,n_late,late_ratio_phy,delay_p50_ms,delay_p95_ms,delay_p99_ms,nlos_ratio,tunnel_ratio,avg_blockage_b,avg_n_cs,avg_cbr,avg_p_col,avg_cong_delay_ms
0,5.0,821665,102931,0.12527124801470185,115336,0.1403686417213828,12405,0.10755531664007768,23.080284689273007,76.59716160115592,93.97263558115458,0.020721340205558228,0.0,0.02085675731042026,40.676149038841864,0.40758225830810274,0.903377000329327,177.38340646347848
10,15.0,221176,43300,0.19577169313126197,46102,0.20844033710710022,2802,0.06077827426142033,27.19661028088308,73.32028921791917,92.72335186209786,0.07117860889065722,0.0,0.07220748842803613,34.35285474011647,0.3426247805121055,0.8528360648908911,137.21168136299278
20,25.0,161805,35105,0.21695868483668612,36813,0.22751460090850098,1708,0.04639665335615136,29.698061125901344,74.0992887184221,92.0872472498359,0.07959580977102067,0.0,0.08223129183221001,30.669602299063687,0.3047877327085633,0.8328148419011161,112.83708710466107
30,35.0,153417,31526,0.20549222054922206,32929,0.21463723055463216,1403,0.04260682073552188,29.698626525334,73.31992803144612,91.57461661486592,0.08246152642797082,0.0,0.08991148927478815,30.116760202585112,0.2991085366265561,0.8284689205537992,106.27087734356886
40,45.0,153496,26807,0.1746429874394121,28149,0.18338588627716684,1342,0.047674872997264556,30.66116664019417,75.69586316194102,93.40072275719655,0.09983322040965237,0.0,0.11926550971169679,30.394322979100433,0.30195986333075886,0.8362975976870558,107.01193512596292
50,55.0,147008,22448,0.15269917283413148,23532,0.16007292120156727,1084,0.046064932857385686,29.837706978710408,74.63676688730844,92.36263056825241,0.1511006203744014,0.0,0.13653694431118843,30.077043426208096,0.29870053701468313,0.8328677242573294,104.98432255013292
60,65.0,142085,17273,0.12156807544779534,18118,0.12751521976281804,845,0.04663870184347058,31.28758961530801,76.01437982930997,93.41877309413138,0.17830172080092901,0.0,0.17770853399680847,30.380180877643664,0.3018145853794303,0.8372519869785694,107.93839638129705
70,75.0,146523,14093,0.09618285183896044,14760,0.10073503818513134,667,0.04518970189701897,31.947476926189257,75.46110428766114,93.06420203551205,0.19222238146912088,0.0,0.19340381669215656,30.348307091719388,0.3014871546694809,0.8407511647516623,106.57563726297789
80,85.0,142476,10533,0.07392824054577612,11081,0.07777450237232937,548,0.049454020395271185,31.14447605783066,74.71026433750488,92.28939250497248,0.1972261995002667,0.0,0.1983292511299048,30.546709621269546,0.30352528974576887,0.8393720711791772,107.41814775122975
90,95.0,142160,7939,0.05584552616769837,8311,0.05846229600450197,372,0.04475995668391289,31.88733155359235,76.29020572852762,93.26806728537247,0.2124859313449634,0.0,0.21399504699189997,30.683870287000563,0.3049343038573693,0.8413437572723127,107.90589009620464
100,105.0,142716,6204,0.04347094929790633,6491,0.04548193615291908,287,0.04421506701586812,32.660121359236776,75.787796981004,93.06812150709436,0.2251254239188318,0.0,0.22741901481943808,31.071274419126098,0.3089140008510226,0.8457025676615334,110.668241921982
110,115.0,143761,4949,0.03442519181140921,5211,0.03624766104854585,262,0.050278257532143544,34.451781589153974,76.29362231413172,92.36706708253229,0.23856261433907666,0.0,0.2461952855298221,30.665973386384348,0.30475045387831184,0.8459812303092161,107.51481874101842
120,125.0,147191,4382,0.029770841967239847,4626,0.031428552017446716,244,0.0527453523562473,33.288644591306834,73.67825795671575,93.60981597079166,0.25858238615132717,0.0,0.28364675950274376,30.841335407735528,0.30655190009764666,0.844572734323194,107.41433389054231
130,135.0,146800,4066,0.027697547683923705,4281,0.029162125340599455,215,0.05022191076851203,34.04339802916903,77.02351635331333,93.20519357066524,0.3312874659400545,0.0,0.31728985477696137,30.602261580381473,0.3040959598711914,0.843509087001067,105.19759941329299
140,145.0,143353,3827,0.02669633701422363,4103,0.028621654238139418,276,0.067267852790641,35.55700475134926,77.93417601495341,92.69012341269375,0.37478113468152047,0.0,0.3709190562763981,31.083835008684854,0.30904303236194436,0.8473988191957302,109.08250954508684
150,155.0,143158,3908,0.027298509339331367,4177,0.029177552075329356,269,0.06440028728752693,33.97151595589372,79.93749854463894,93.84655603797847,0.3752217829251596,0.0,0.37606183663507786,30.977954427974684,0.3079553500328308,0.8454594036445103,108.98457364749105
160,165.0,144635,3936,0.027213330106820616,4186,0.028941819061776196,250,0.05972288580984233,33.81100769722492,77.38314329280215,93.91010496351151,0.38061326788121824,0.0,0.38158728881516585,30.7206139592768,0.30531176158166157,0.8422719188745845,107.35607611470363
170,175.0,143438,3838,0.02675720520364199,4115,0.02868835315606743,277,0.06731470230862698,33.01155035569792,76.70562965765384,92.65768417772114,0.3765808223762183,0.0,0.3774568044301682,30.91931705684686,0.30735298431124497,0.844144956154277,108.07447294407199
180,185.0,140499,3636,0.025879187752225995,3880,0.027615854917116846,244,0.06288659793814433,33.5096170264689,77.00006055624868,93.36673352418615,0.3837037986035488,0.0,0.38559961748017385,30.97651940583207,0.30794060844172944,0.8429856947692461,109.95178381280026
190,195.0,141320,3951,0.027957826210019812,4205,0.02975516558165865,254,0.06040428061831153,35.04196345013298,78.87630806895342,93.93010474724703,0.4068072459666006,0.0,0.41643427342519546,31.51354373054062,0.3134573128682808,0.8483774157617142,112.41923751210122
200,205.0,137143,3649,0.026607263950766718,3903,0.02845934535484859,254,0.06507814501665386,34.140650913362066,78.86396483246556,93.75665928299522,0.4025287473658882,0.0,0.4311572162998008,31.491720321124667,0.3132331269351896,0.849608794886388,111.63689538015083
210,215.0,141045,4236,0.030032968201637776,4524,0.03207486972242901,288,0.0636604774535809,34.74509373211267,76.27010573557308,92.64447672906988,0.5009465064341168,0.0,0.4864806364368021,31.334488992874615,0.3116179323813483,0.8468376178921849,111.59001822862949
220,225.0,144158,4504,0.031243496718877897,4829,0.0334979675078733,325,0.06730171878235659,34.70497769530337,79.68986588189802,94.6066593325132,0.5311533178873181,0.0,0.5249289388051772,31.092898070173003,0.30913613472086804,0.847861381019278,108.50054317356002
230,235.0,142073,4221,0.02971007862155371,4572,0.03218063953038227,351,0.07677165354330709,35.91933409438052,80.09018934250437,94.85318354763707,0.548985380754964,0.0,0.549802387332668,31.44807246978666,0.31278474446235377,0.852963530161523,109.10352399474122
240,245.0,139686,4221,0.030217774150594907,4583,0.03280930086050141,362,0.07898756273183505,35.98863334104569,80.05586377372029,93.90016355383615,0.5521741620491675,0.0,0.5528901040447545,31.289327491659865,0.3111540005961422,0.8498092055428217,108.54900671662632
250,255.0,138959,6674,0.048028555185342436,7002,0.0503889636511489,328,0.046843758926021134,33.1433928986299,74.56673049752101,91.77132515303359,0.5596974647198094,0.0,0.5614921138602589,26.690016479681056,0.2639065329276326,0.7810592403469462,85.6873465948928
260,265.0,141366,7120,0.05036571735778051,7428,0.05254445906370697,308,0.041464728056004305,32.54840193921137,74.20290382139066,92.25201307325514,0.5727544105371871,0.0,0.5750657534000408,26.182830383543426,0.2586963484854915,0.7670272098806564,84.60987978255233
270,275.0,141451,7078,0.05003852924334222,7397,0.052293727156400446,319,0.04312559145599568,33.205135739168114,75.28398176266505,92.98008611585695,0.5794091240076069,0.0,0.5814346231102677,26.14923188948823,0.25835120031928804,0.7628586582925359,85.01585642430483
280,285.0,141201,7378,0.05225175459097315,7682,0.05440471384763564,304,0.03957302785732882,33.08983635763272,74.29208009037472,92.1831187002023,0.5962351541419678,0.0,0.5980292194911367,25.9286619783146,0.2560853457772317,0.7587479107922589,83.50235638405239
290,295.0,146404,7476,0.05106417857435589,7770,0.0530723204284036,294,0.03783783783783784,34.02611952867029,75.25919795653539,91.80293175419001,0.5919032266877954,0.0,0.594377244205306,25.87037239419688,0.2554865527767497,0.7578551919099868,83.45997881035775
300,305.0,150209,7643,0.05088243713758829,7977,0.053106005632152536,334,0.04187037733483766,34.74821644422924,77.05927347659134,92.4367243940104,0.6063418303829997,0.0,0.6076612330912814,25.80733511307578,0.25483898797977844,0.7577464983132671,82.80678605648079
310,315.0,144097,7423,0.0515139107684407,7761,0.05385955294003345,338,0.04355108877721943,34.647273822232265,75.94973944728015,92.8374172308355,0.6088190593836097,0.0,0.6102590658947041,26.074671922385615,0.2575852661117794,0.7565814147722466,84.74402891814243
320,325.0,144479,7199,0.04982731054340077,7574,0.05242284345821884,375,0.049511486664906255,35.082200397293896,76.93194722638515,93.30332038731788,0.6120474255774195,0.0,0.6140409735291579,26.017102831553373,0.2569938745423209,0.7538372352619586,84.38488204271174
330,335.0,144973,7187,0.04957474840142647,7537,0.05198899105350652,350,0.04643757463181637,36.08282915521952,76.92524440369425,93.40476611054417,0.6136108102888124,0.0,0.6178519322213112,26.052520124436963,0.2573577067328524,0.7532947672550777,85.06069109682262
340,345.0,147498,7685,0.052102401388493404,8047,0.054556671954873966,362,0.044985708959860815,35.126932240120496,76.85713436740986,93.42687672327611,0.623330485837096,0.0,0.6329953724117973,25.825509498433878,0.25502568848391155,0.7481329078733614,84.36543851526926
350,355.0,153136,8266,0.05397816320133737,8659,0.05654450945564727,393,0.04538630326827578,34.56165300749576,75.34282264081033,90.52823872236432,0.6526225054853202,0.0,0.6441480311598793,25.32505746525964,0.2498846812340307,0.736683092861366,82.07347081307805
360,365.0,155607,9106,0.058519218287095054,9478,0.060909856240400496,372,0.03924878666385313,35.1326003477691,75.77891715320375,93.59132287316086,0.6678876914277635,0.0,0.6661016138648518,25.14604741431941,0.24804575980164476,0.7332472966756605,81.39849341106753
370,375.0,156111,9099,0.058285450736975615,9489,0.060783673155639255,390,0.04110022130888397,34.76197192640031,77.01948065539324,93.4554891870584,0.6565776915143712,0.0,0.6593201396555001,25.071301830108066,0.24727791880020095,0.7261390727538536,80.77772355927792
380,385.0,165911,9108,0.054896902556189765,9521,0.05738618898083912,413,0.04337779644995274,34.32340696362857,76.18893749535872,92.85241144155795,0.6137869098492565,0.0,0.6170592773065198,24.522876723062364,0.24164409724600416,0.7092284669167572,79.01374736489221
390,395.0,149057,9407,0.06311008540357045,9803,0.06576678720221124,396,0.040395797204937266,34.79628252053706,76.44818702723298,93.52383884236852,0.6989675090737101,0.0,0.7012276071905336,24.79494421597107,0.24443897240043,0.723334373153928,80.028028877691
400,405.0,136591,9804,0.0717763249408819,10201,0.07468281219113997,397,0.03891775316145476,35.63743779996157,77.11890314621208,93.12297512024807,0.8047748387521871,0.0,0.8063803288167768,25.84060443221003,0.25518075462179385,0.7590110535310217,82.78002106127168
410,415.0,133169,9658,0.07252438630612229,10070,0.07561819943079846,412,0.04091360476663357,35.620573072334174,75.42040937489269,93.0357701920308,0.8289241490136593,0.0,0.8310761167938351,25.991507032417456,0.2567309358784702,0.7647838704059898,82.99771199288861
420,425.0,128660,9483,0.07370589149696875,9925,0.07714130265816882,442,0.044534005037783375,35.64099902340309,77.67453201804727,93.25146034662718,0.8459738846572361,0.0,0.8478580487692465,26.145219959583397,0.25830998685753853,0.7672937967991953,83.89942077492861
430,435.0,126681,9578,0.07560723391826714,10002,0.07895422360101358,424,0.04239152169566087,35.295610585782114,76.46671189272108,93.2677972504313,0.8533323860721024,0.0,0.8563060410967798,25.988380262233484,0.2566988154211257,0.7669787622766775,82.73392311743126
440,445.0,125773,9544,0.07588274112885914,9970,0.07926979558410788,426,0.04272818455366098,36.413807047057986,78.06371385021582,93.25361404896731,0.8695825018088142,0.0,0.8716971359311206,26.08876308905727,0.2577300208239519,0.7712615109134802,82.79618306020295
450,455.0,124529,9756,0.07834319716692498,10167,0.08164363320993503,411,0.04042490410150487,35.80291978404581,78.25052928994513,93.94059098807261,0.8829348986982952,0.0,0.8847555994897973,26.132547438749206,0.25817980550715086,0.7717873339706625,82.57266526134129
460,465.0,121804,9568,0.07855242849167515,9964,0.08180355324948277,396,0.03974307507025291,36.946228730937115,77.44389764066065,92.62004616304202,0.8964401825884207,0.0,0.8978752800206842,26.16976453975239,0.2585621266356381,0.7718344521936633,83.33490790820096
470,475.0,123376,9873,0.08002366748800414,10282,0.08333873686940733,409,0.03977825325812099,36.944634197531485,77.5599141590252,94.15633063409248,0.9057353131889508,0.0,0.9065471196423304,26.027793087796653,0.25710369262918376,0.7713216972985637,82.29721771890053
480,485.0,126627,10360,0.08181509472703294,10801,0.08529776429987286,441,0.04082955281918341,36.79600455977126,76.77499740210274,92.13655258809464,0.9156420036800998,0.0,0.9150187148943735,25.904048899523797,0.2558325023314717,0.7690155687283374,81.96440961714025
490,495.0,124875,10254,0.08211411411411411,10727,0.0859019019019019,473,0.04409434138156055,36.867763354542184,77.05695574937056,93.80997619021674,0.9247007007007007,0.0,0.9219880879568502,25.797749749749748,0.2547405201565201,0.7664235324729847,81.5994282748301
500,505.0,126203,10910,0.08644802421495527,11385,0.09021180162119759,475,0.041721563460693896,36.53855164208369,76.57931908797845,92.83138762966689,0.9341616284874369,0.0,0.9321235485293231,25.828569843823047,0.2550571265774549,0.7675932452311192,81.35275796409798
510,515.0,125674,10840,0.08625491350637364,11267,0.08965259321737193,427,0.03789828703292802,36.737080281377544,77.52661055067266,91.79395122607202,0.9407196397027229,0.0,0.9404034299876273,26.107739070929547,0.25792495591045805,0.7704523381882415,83.10369713229791
520,525.0,126612,11284,0.08912267399614571,11759,0.09287429311597636,475,0.04039459137681776,36.56232978315718,77.31430698544057,93.24163829560369,0.9479038321802041,0.0,0.947646528435324,26.178821912614918,0.25865517055686227,0.7712903911218552,83.88549282969416
530,535.0,127563,11159,0.08747834403392833,11669,0.09147636853946678,510,0.04370554460536464,36.56425391175935,76.75553543526553,92.77447625252411,0.9501579611642874,0.0,0.9509335973357067,26.390348298487805,0.2608281234299201,0.775115383398903,84.49765883674864
540,545.0,125612,11073,0.0881524058210999,11590,0.09226825462535426,517,0.04460742018981881,36.40152777797719,76.97241243584061,92.92644155784991,0.9521860968697258,0.0,0.9532708096418668,26.61768780052861,0.263163520132703,0.7773799228264582,85.68141417012022
550,555.0,124300,10679,0.08591311343523733,11134,0.08957361222847948,455,0.040865816418178554,36.26023480656728,78.24111313726016,93.69307374597305,0.9560659694288013,0.0,0.9559790233109179,26.90150442477876,0.2660790909090909,0.7793237765031011,87.6867834002931
560,565.0,122929,10414,0.08471556752271636,10887,0.08856331703666344,473,0.04344631211536695,36.70517617791053,78.12203167734191,94.24906698084901,0.9564952126837443,0.0,0.9562524276424305,26.979695596645218,0.26688232749280993,0.7814148899436862,88.1664827038124
570,575.0,120884,10687,0.08840706793289435,11138,0.09213791734224545,451,0.04049200933740348,36.79971449358795,78.32331374756573,94.17812984434643,0.9579927864729824,0.0,0.9571519566257567,26.878007014989578,0.265837708426711,0.7766163704907947,87.91702139322503
580,585.0,123292,10838,0.08790513577523278,11300,0.09165233754014859,462,0.04088495575221239,36.86114390913657,78.19688184320007,94.02494177382597,0.9641988125750252,0.0,0.9619338092634903,26.971839210978814,0.2668016209855095,0.780621271460423,88.02133178356553
590,595.0,121921,10782,0.08843431402301491,11258,0.09233848147570968,476,0.04228104459051341,37.37946528289194,78.86688604052854,93.42626589556406,0.9672000721778857,0.0,0.9621583625914463,26.947892487758466,0.26655562282879147,0.7807343851354965,87.9984289826103
600,605.0,122748,10457,0.08519079740606772,10956,0.08925603675823639,499,0.045545819642205186,37.33889741415784,78.87932028017977,93.02387986161696,0.9661012806725975,0.0,0.9605784912342902,27.019039006745526,0.2672864916147494,0.7828156186090142,88.28314937009185
610,615.0,123272,10649,0.0863862028684535,11126,0.09025569472386268,477,0.042872550781952186,37.722204215055726,78.86911700766663,93.4010027606424,0.9609238107599455,0.0,0.9584497083153055,26.992228567720165,0.26701107528657986,0.7819158505369459,87.91165889739962
620,625.0,124452,10527,0.08458682865683155,11023,0.08857230096744126,496,0.04499682482082917,38.29589463688203,79.68381327276484,94.60475774991798,0.9522787902163083,0.0,0.9551478678883595,27.164738212322824,0.26878321981749803,0.784878249099403,88.7952308429074
630,635.0,124166,10100,0.08134271861862345,10600,0.08536958587697115,500,0.04716981132075472,38.48285335700629,79.14917834530627,94.45288178488362,0.9488748932880177,0.0,0.9531867828813742,27.238342219287084,0.26953933370722183,0.7863122516599527,88.75512724670004
640,645.0,124576,10226,0.08208643719496532,10765,0.08641311328024659,539,0.05006967022758941,39.10302418606079,78.89883687912572,93.5926080491671,0.9473333547392756,0.0,0.9508358287643496,27.311657141022348,0.2702924779032295,0.7849787679430604,89.74401697784404
650,655.0,123251,10130,0.08219000251519258,10648,0.08639280817194181,518,0.04864763335837716,38.57369774662975,79.17861729108333,93.98131630991949,0.9438625244419924,0.0,0.9477577473738894,27.41992357059983,0.27140466940707086,0.785989427700659,89.63267554244143
660,665.0,124502,10138,0.0814284107885817,10647,0.08551669852693129,509,0.047806893960740116,38.66353642082198,79.23092426230829,94.3616144772179,0.9379929639684503,0.0,0.9427976124981367,27.330717578834076,0.2704882805825682,0.7862206613284712,89.18729200574853
670,675.0,122306,9625,0.07869605742972545,10139,0.08289863130181675,514,0.05069533484564553,39.44498348235355,79.75361549522577,94.6799768455976,0.9350236292577633,0.0,0.9382259122289408,27.455676745212827,0.2717719520190044,0.7869409174603231,89.85971700747567
680,685.0,122983,9650,0.07846612946504801,10126,0.08233658310498199,476,0.04700770294291922,40.197795423476734,80.88659203915756,94.94791568398338,0.9348202597106917,0.0,0.9348211115118691,27.51528260003415,0.2723842667094416,0.787233736989936,90.13532789875909
690,695.0,124950,9745,0.07799119647859144,10254,0.08206482593037215,509,0.049639165203822895,40.2015288227003,79.81879946442508,94.0673522269343,0.9336934773909564,0.0,0.9314217072876808,27.45658263305322,0.2717812579577285,0.78730558303857,89.36001454211936
700,705.0,125224,9470,0.07562448093017313,9983,0.07972113971762601,513,0.051387358509466095,40.4453699543601,79.50760263968535,93.25454069842009,0.9312991119913115,0.0,0.9260242582383335,27.61764517983773,0.2734358095746967,0.7891471031468275,90.768241997702
710,715.0,124386,9231,0.07421253195697265,9771,0.07855385654334089,540,0.0552655818237642,40.32069650902071,80.64846760618764,94.55471573905366,0.9257633495731031,0.0,0.9211929435062549,27.81644236489637,0.2754779988393899,0.7902891098848497,91.52642790716098
720,725.0,126478,8863,0.07007542813769983,9394,0.07427378674552096,531,0.05652544177134341,41.399129990232176,81.0612414577086,95.21474919311389,0.918626164234096,0.0,0.9157771279179613,28.107133256376603,0.2784641870882323,0.7940736733193849,93.01424215268558
730,735.0,128719,8715,0.06770562232459855,9268,0.07200180237571766,553,0.05966767371601209,42.34002310972252,82.22073821094865,94.79969610957184,0.9088945687893785,0.0,0.9098783515895361,28.547300709296994,0.28298590728641454,0.8015907330080994,94.89032405985827
740,745.0,126732,7882,0.06219423665688224,8426,0.06648675946090964,544,0.0645620697840019,42.406712922575565,82.82822922031609,94.42046121444231,0.8961746046775874,0.0,0.9010466039298998,28.866205851718586,0.28626193284038176,0.8054895955517675,96.32757575382273
750,755.0,127923,6938,0.05423575119407769,7511,0.058715008247148676,573,0.07628811077086939,44.03352992039619,84.5095680626366,96.11720058130932,0.8901839387756697,0.0,0.8956463922332784,29.976524940784692,0.2976679380280608,0.8210274501190732,101.90595128958769
760,765.0,128054,6869,0.05364143252065535,7470,0.05833476502100676,601,0.08045515394912986,45.03283584164315,85.8562703629689,96.30837070623687,0.8865166257984912,0.0,0.8900021092910858,30.012229215799586,0.2980347183077593,0.8218839961612879,102.32680705291044
770,775.0,128938,6665,0.05169151064852875,7255,0.05626735330158681,590,0.08132322536181943,45.701526599145765,86.42855777130764,96.59801224022023,0.8819975492096976,0.0,0.8839605178835126,30.24339605081512,0.3004094321583735,0.8231676304704381,103.82545490632783
780,785.0,129357,6510,0.050325842436049074,7130,0.05511877981091089,620,0.08695652173913043,46.2306078820209,85.55991368538996,95.80969845909341,0.8769915814374174,0.0,0.876889058240861,30.20645964269425,0.30002999451131357,0.8223028621760248,103.27615373134564
790,795.0,129330,6407,0.04953993659630403,7078,0.05472821464470734,671,0.09480079118395027,46.20346386661877,84.67545544669325,96.18850745863696,0.8744684141343849,0.0,0.873998068423509,30.27960256707647,0.3007813718254219,0.8243485925721815,103.82141512626167
800,805.0,129899,6585,0.050693230894772096,7158,0.05510435030292766,573,0.08005029337803855,46.79784982626752,83.6736587345318,96.7283489301804,0.8680898236322065,0.0,0.8697789277239565,30.16220294228593,0.2995753574980281,0.8226722847546662,103.42405901876367
810,815.0,133764,6663,0.04981160850453037,7237,0.0541027481235609,574,0.07931463313527705,46.9737740065176,85.28836755832633,96.00083283491539,0.8641039442600401,0.0,0.8688506698298776,30.190619299662092,0.29986727098743776,0.823610713278477,104.55148560782962
820,825.0,133433,6480,0.04856369863527014,7104,0.05324020294829615,624,0.08783783783783784,47.53120271460212,86.17789889013046,95.88126066049199,0.8600121409246588,0.0,0.8647810739812755,30.311482167080108,0.3011088622618228,0.8249325227872942,103.96644868266408
830,835.0,136086,6901,0.05071058007436474,7573,0.055648633952059726,672,0.0887363000132048,47.30050563504791,86.25211703798146,96.35786971577032,0.8620945578531223,0.0,0.8643837533595439,30.216385226988816,0.3001319573317942,0.8231379750584784,104.09675243519779
840,845.0,136363,7304,0.05356291662694426,7951,0.05830760543549203,647,0.08137341214941517,47.59754907276763,86.3174401052768,96.45712145310954,0.8586860072013669,0.0,0.8599348195536923,29.764320233494423,0.29548801694407895,0.8175894480128028,100.63307923142857
850,855.0,137073,7090,0.05172426371349573,7795,0.05686750855383628,705,0.09044259140474663,47.444573767521035,84.90558818870377,95.90973963273929,0.8557702829878969,0.0,0.8575650757687457,29.932875183296492,0.2972195359738639,0.8190160612178944,101.55921863242841
860,865.0,135537,7024,0.05182348731342733,7662,0.056530689036941945,638,0.08326807622030802,47.25058304161492,85.20409610975233,96.53657027541763,0.8506975954905303,0.0,0.8521147851024647,29.4423515350052,0.29218052031414427,0.8142611908672442,98.20534098559445
870,875.0,137680,7352,0.05339918651946543,8009,0.05817112144102266,657,0.08203271319765264,47.30398921473312,84.59158654764873,96.11621237089753,0.8480098779779198,0.0,0.8494703224928282,29.28932306798373,0.2906085006074691,0.8098622014754003,99.0115783510998
880,885.0,139859,7610,0.05441194345733918,8274,0.059159582150594525,664,0.08025138989605994,47.97240229769445,84.8647842963629,95.86352020243069,0.8422697144981731,0.0,0.8446970346749704,28.929714927176658,0.28691434425190554,0.8046032171203962,97.20600047812813
890,895.0,142674,7823,0.054831293718547176,8469,0.05935909836410278,646,0.0762781910497107,47.63654128324582,85.91220699843423,97.04503915048862,0.8405245524762746,0.0,0.8426260007605687,28.948280695852084,0.28710506533011676,0.8034847460213589,98.06976400693658
900,905.0,143825,7935,0.05517121501825135,8598,0.05978098383452112,663,0.07711095603628751,47.970893316594335,85.23966704177977,96.71713658774031,0.836127237962802,0.0,0.8379927697486981,28.728955327655136,0.2848519956386391,0.7991282492049907,96.77237807317266
910,915.0,146521,8236,0.05621037257457975,8894,0.06070119641553088,658,0.07398246008545087,47.700082906902736,84.6403295900627,95.97356670757519,0.8327611741661605,0.0,0.834215627260005,28.513025436626833,0.2826338067580756,0.7947537303493422,96.4738207435214
920,925.0,154499,8749,0.056628198240765315,9465,0.061262532443575685,716,0.07564712097200212,47.81686939813608,85.10762306809937,95.75608705591219,0.8374034783396657,0.0,0.8389219501984643,28.51392565647674,0.2826430544710791,0.7955824800055021,96.7363230692002
930,935.0,156663,8766,0.05595450106279083,9511,0.060709931509035316,745,0.07833035432656923,47.727152178659836,84.98487911974235,95.83571367624485,0.8301832596082036,0.0,0.8326047935987446,28.4464104479041,0.2819494891466511,0.7922842711009276,97.17314824579282
940,945.0,160162,9270,0.05787889761616363,10063,0.06283013448883006,793,0.0788035377124118,47.7315523368994,84.14829313922901,95.42960117273408,0.8285798129393989,0.0,0.8300155271055202,28.428622269951674,0.2817667560458672,0.7888293396950017,98.44662402879582
950,955.0,169058,9839,0.05819896130322138,10607,0.06274178092725574,768,0.07240501555576506,47.72938020888388,84.11647832219315,95.53293788468156,0.8305078730376557,0.0,0.8312863153977015,28.1928628044813,0.2793448633551261,0.785150907518906,96.3111215336714
960,965.0,175042,10445,0.05967139315135796,11194,0.0639503661978268,749,0.06691084509558692,47.99284226935048,84.90969035559976,96.31373086011254,0.8281840929605466,0.0,0.829136928416613,28.078992470378537,0.27817510446843396,0.7821007702547932,96.60895213633978
970,975.0,185601,11263,0.060683940280494175,12107,0.06523132957257774,844,0.06971173701164615,48.15037665952632,84.50536937863387,95.88825178091416,0.8272800254308975,0.0,0.8271052717777685,28.274766838540742,0.2801862411595548,0.77968128015728,99.09762254573226
980,985.0,218274,12928,0.0592283093726234,13837,0.06339279987538599,909,0.06569343065693431,47.374782479325425,83.3718536960807,95.43717050050438,0.8384278475677359,0.0,0.8388532660050299,28.923774705187057,0.28685332197146696,0.7867791623203881,102.35934617858112
990,995.0,154738,7887,0.05097002675490184,8549,0.05524822603368274,662,0.07743595742192069,48.093743885153536,83.60709477738133,95.47514274148587,0.7633225193552974,0.0,0.7618048862011049,28.91527614419212,0.28676601857215533,0.7676625428057525,107.59792872539198
1000,1005.0,903683,29180,0.03229008402282659,33863,0.03747221094122607,4683,0.1382925316717361,46.955663820722606,87.37561304835495,97.25861170463932,0.8996528649980137,0.0,0.900044015941924,37.91485952485551,0.3792162842098792,0.8698358390422418,159.63697553247474
1010,1015.0,178502,5515,0.030896012369609305,6105,0.03420129746445418,590,0.09664209664209664,48.48992610370423,85.80860540024013,96.91653420054419,0.5992705964078834,0.0,0.578431479726138,29.56407211123685,0.2934309225972512,0.7574900303117003,112.07524187130504
1020,1025.0,159352,4955,0.031094683468045583,5452,0.034213564937998896,497,0.09115920763022745,49.66424427303591,86.52633520859372,96.68862661583506,0.6024398815201566,0.0,0.5662689144532824,29.1785606707164,0.2894706687082684,0.7610378887117661,107.81800509443616
1030,1035.0,151440,5740,0.03790279978869519,6183,0.04082805071315372,443,0.07164806728125506,45.07691472681622,83.15731179174361,95.70493693797084,0.5194070258848389,0.0,0.5511638428923493,25.412183042789223,0.25077969853047105,0.6663679333243844,94.3928296063329
1040,1045.0,146372,5063,0.03458994889733009,5489,0.03750034159538709,426,0.07760976498451448,46.77026751203501,84.12363085356787,95.12732791166779,0.4831593474161725,0.0,0.5275376299581577,25.41746372256989,0.2508339455136724,0.6560490887213205,96.90216380355182
1050,1055.0,141845,4850,0.03419225210617223,5312,0.03744932849236843,462,0.08697289156626506,46.884635278392224,84.70948349667717,95.68573489411462,0.4647678804328669,0.0,0.5133752347478385,25.75467587859988,0.2542980340256169,0.6620316988069839,98.86278652991642
1060,1065.0,142045,4937,0.034756591221091905,5363,0.03775564081805062,426,0.07943315308595936,47.31459777406806,85.00399290627097,95.98465908874266,0.4716392692456616,0.0,0.505727892564468,26.00663874124397,0.25688637979641527,0.6652193019661842,99.05237990921542
1070,1075.0,130864,4738,0.0362055263479643,5170,0.039506663406284385,432,0.08355899419729207,48.872062691884025,84.41906298762889,95.19843028307233,0.5119513387944736,0.0,0.539601239200835,26.85185383298692,0.2655690439206837,0.690153432405326,100.08714997433788
1080,1085.0,73171,4554,0.06223777179483675,4930,0.06737641961979472,376,0.07626774847870182,49.147512983453865,86.55088851513648,96.58501974829373,0.9171529704391084,0.0,0.9204743416590037,30.9479711907723,0.3076473404142972,0.813034345275403,115.59001488575281
1090,1095.0,72646,4610,0.063458414778515,5018,0.0690746909671558,408,0.0813072937425269,49.0545383231316,85.83276457257254,96.67689864115151,0.9311868513063348,0.0,0.9337655588462598,31.123406656939128,0.3094495411121928,0.8186677530041759,114.82009714989027
1100,1105.0,72111,4826,0.06692460234915616,5205,0.07218038856762492,379,0.07281460134486072,48.577911669377116,85.30315220287011,95.85661845970259,0.9403281052821345,0.0,0.943027501664135,31.21351804856402,0.3103752308625212,0.8187093560744849,115.83955225895896
1110,1115.0,69917,4854,0.06942517556531316,5190,0.07423087375030393,336,0.06473988439306358,47.669031368336064,85.6208757578475,95.7949712314611,0.947823848277243,0.0,0.9495157819796555,30.985754537523064,0.3080354784309187,0.817051026123824,114.06604375187607
1120,1125.0,71549,5153,0.07202057331339362,5615,0.07847768662035808,462,0.08227960819234194,47.59413977028354,85.71721302151894,96.34748630454281,0.9578750227117081,0.0,0.9575835514808855,30.96191421263749,0.307790573275276,0.8172778472284548,113.10889880127702
1130,1135.0,69572,4972,0.07146553211061922,5391,0.07748806991318347,419,0.07772212947505101,47.96716289913684,85.44820179976695,96.42942777006056,0.9573247858333812,0.0,0.958017609575248,30.770985453918243,0.3058292142084328,0.8162045325329743,112.40464487368769
1140,1145.0,70347,5228,0.07431731274965528,5632,0.08006027264844272,404,0.07173295454545454,47.52927881709411,84.80228308410004,96.4795081374399,0.9581929577665004,0.0,0.9585966601339914,30.679076577537067,0.30488505938742616,0.8152494791152813,111.41176658114716
1150,1155.0,69411,5234,0.07540591548889945,5628,0.08108224921122012,394,0.07000710732054016,47.455337676853965,84.71333792458114,96.63180424000612,0.9590122603045627,0.0,0.9593648350756914,30.23605768538128,0.300334047131644,0.8104305529570509,109.54904155239966
1160,1165.0,70773,5423,0.07662526669775196,5837,0.08247495513825893,414,0.07092684598252527,48.54609505162958,86.01290626181334,95.86631428450437,0.9586565498141947,0.0,0.9590593528121757,30.316490752122984,0.3011603140899906,0.8103801353870613,109.67673118856327
1170,1175.0,71535,5509,0.0770112532326833,5930,0.08289648423848466,421,0.07099494097807757,47.48346089686154,84.77542838015712,96.2897566723496,0.9602572167470469,0.0,0.9601426126520616,30.341231564968197,0.3014144697128551,0.8094982013134451,110.8244104700152
1180,1185.0,70488,5449,0.07730393825899444,5862,0.08316309159005789,413,0.07045377004435346,47.489023075494416,83.82246146016428,95.62180452364429,0.9585886959482465,0.0,0.9591615325154622,30.275266712064465,0.30073683076938945,0.8074281816187922,111.48757426554396
1190,1195.0,70515,5565,0.07891937885556265,5965,0.08459193079486634,400,0.06705783738474434,47.00449281083694,84.38883625400642,96.14761762328038,0.9584485570446004,0.0,0.9590642236267264,30.363653123448913,0.3016448002681569,0.8041563732587536,113.02185047868687
1200,1205.0,69828,5440,0.07790571117603254,5808,0.0831758034026465,368,0.06336088154269973,48.163925943588424,85.79882896667178,96.51475091579034,0.9561064329495331,0.0,0.9565525611963368,29.795425903648965,0.295807557010212,0.8022568533820478,106.69093551326426
1210,1215.0,70577,5348,0.0757753942502515,5736,0.08127293594230416,388,0.06764295676429567,47.81471506053572,85.4954800901041,96.51163718049374,0.9567139436360287,0.0,0.9572363745097536,30.042393414285108,0.2983445868922015,0.8043539214031845,110.33907750611029
1220,1225.0,68852,5369,0.07797885319235462,5778,0.08391913088944403,409,0.07078573901003808,48.89992360425845,86.33765226290211,95.8851512717225,0.9608145006680997,0.0,0.9592362683753053,30.00790100505432,0.2979902557791943,0.8042255879111554,109.49229371113812
1230,1235.0,70653,5530,0.07826985407555234,5911,0.08366240640878661,381,0.0644560987988496,49.700267022510474,85.63437533189372,96.94450757608276,0.9668237725220443,0.0,0.9639584362618138,29.70536282960384,0.294882363613203,0.8026366071760231,105.99839812928853
1240,1245.0,68582,5543,0.08082295646087895,5959,0.08688868799393427,416,0.06981037086759523,49.58914536968548,85.23486746411638,96.07290952593384,0.9756204251844507,0.0,0.9699999701468239,29.30859409174419,0.2908064665788266,0.7988243693239273,102.90104665826311
1250,1255.0,69362,6407,0.09237046221273897,6858,0.09887258152879098,451,0.0657626130067075,49.7827218217741,86.32536327506794,95.48949700363399,0.980753150139846,0.0,0.9726109385160668,26.32840748536663,0.26019182234967525,0.7711576862045275,86.14932500004042
1260,1265.0,69397,6491,0.09353430263556062,6935,0.09993227372941194,444,0.06402307137707282,49.81996130043757,85.99031886573155,97.52577294291368,0.9849705318673718,0.0,0.9767484153107282,26.10924103347407,0.25794038516205176,0.7702699143882054,83.87622480056173
1270,1275.0,68343,6090,0.08910934550722092,6526,0.09548893083417467,436,0.06680968433956481,51.61678645777134,87.13380252505335,96.77889225445587,0.9861873198425588,0.0,0.9784414977192241,26.708792414731576,0.264099412987697,0.781368483733805,87.55817434389154
1280,1285.0,68877,6010,0.08725699435225111,6451,0.09365971224066089,441,0.06836149434196248,51.852485318096946,87.58339002574266,96.8176672761455,0.9788173120199777,0.0,0.977780921948536,26.60040361804376,0.262985964439904,0.7819809630823366,86.04563947119843
1290,1295.0,69959,6083,0.08695092840092054,6508,0.09302591517889049,425,0.06530424093423479,52.31988209912348,87.47945662114827,96.63444478537012,0.9721408253405566,0.0,0.9763319813745067,26.40712417272974,0.26100045741076916,0.7828065878283862,84.60949043001952
1300,1305.0,70338,5914,0.08407972930706019,6405,0.09106030879467714,491,0.07665886026541764,52.83538625986045,87.12628743275783,96.63864795641544,0.9683954619124797,0.0,0.9728937777709153,26.381884614290996,0.2607411783104438,0.7830404715398117,84.01478367792635
1310,1315.0,69416,5933,0.08547020859744152,6439,0.0927595943298375,506,0.07858363099860227,53.35580226700401,87.86835554196985,96.34111084272396,0.9647775728938573,0.0,0.9694884200187521,26.544672697937074,0.2624134558969899,0.7831648902589403,85.68512388253718
1320,1325.0,70389,5883,0.08357840003409624,6387,0.09073860972595149,504,0.07891028651949272,53.5351872638144,87.39297774634959,96.64231803567012,0.9617127676199406,0.0,0.9658206294300972,26.623009277017715,0.26321818620936377,0.7840678877570524,86.58691077285383
1330,1335.0,70226,5658,0.08056845043146413,6121,0.0871614501751488,463,0.07564123509230518,53.34627898244446,87.00291907344682,97.20367717548959,0.9601429669922821,0.0,0.9633482342838979,26.690100532566287,0.26390739637999905,0.785940730650089,86.90821727808591
1340,1345.0,70261,5891,0.08384452256586157,6387,0.09090391540114715,496,0.07765774228902458,54.06992941954506,87.69755630455872,96.10177839929761,0.9567042882964945,0.0,0.9593155559799066,26.44901154267659,0.26143075493840484,0.7835766110975295,84.87012866016174
1350,1355.0,70503,5805,0.08233692183311349,6296,0.08930116448945435,491,0.07798602287166455,53.86803700883401,88.36702427205394,97.20282427866702,0.952881437669319,0.0,0.9551252866980973,26.55111130022836,0.2624795979023458,0.7846480301458953,85.04504874636197
1360,1365.0,72347,5874,0.08119203284172115,6365,0.08797876898834782,491,0.07714061272584447,54.52151365215064,88.35888877667752,96.78669179935946,0.9576485548813358,0.0,0.9565406737794467,26.61249257052815,0.2631101509517891,0.7844416127108104,86.46074428307409
1370,1375.0,70473,5815,0.08251387056035644,6276,0.08905538291260483,461,0.07345442957297642,53.858391081614485,87.42657851671143,97.07848214245993,0.968243156953727,0.0,0.9627508343369998,26.67654278943709,0.26376812138239913,0.7849050591201865,86.33464206847925
1380,1385.0,70301,5717,0.08132174506763773,6210,0.08833444758965021,493,0.07938808373590982,54.918750484841645,88.33977447916298,96.72240807385609,0.9760031862989147,0.0,0.9686363877077445,26.74616292798111,0.26448331007835135,0.7871411441687134,86.36167220407985
1390,1395.0,70655,5845,0.08272592173236147,6355,0.08994409454391056,510,0.08025177025963807,53.65031454671169,88.50384668632196,96.69244944557657,0.9836246550137995,0.0,0.9743213146113511,26.841384190786215,0.2654614921417129,0.7854591667615265,88.20736974068147
1400,1405.0,72307,6103,0.08440399961276225,6665,0.09217641445503201,562,0.08432108027006752,53.817272916639496,87.96164439212033,97.10890867882613,0.9915775789342663,0.0,0.9802215342690456,27.024478957777255,0.2673423747480754,0.7901554849222576,88.19854278476721
1410,1415.0,71555,6112,0.08541681224233108,6615,0.09244636992523234,503,0.07603930461073319,53.428361838334496,88.2261072948206,96.85063475156267,0.9858430577877157,0.0,0.9815431657990797,26.982642722381385,0.26691260251173593,0.7893779954194248,87.9509097512086
1420,1425.0,72119,6248,0.08663459005255203,6770,0.09387262718562377,522,0.07710487444608567,53.98243505948318,88.86567570969405,97.07872268459016,0.9785077441450936,0.0,0.9789275973535303,26.96436445319541,0.266724834837371,0.7887487718836433,88.45804674704868
1430,1435.0,72305,6125,0.08471060092663024,6621,0.09157043081391328,496,0.07491315511252077,54.20342598104237,88.61064486673799,96.4558781303231,0.9714680865776917,0.0,0.9759872681614852,27.131291058709632,0.2684396263303807,0.7904108093363051,88.59088696146648
1440,1445.0,73216,5992,0.08184003496503496,6562,0.08962521853146853,570,0.08686376104846083,54.69523174816321,89.77590603050832,97.71299642428066,0.9686953671328671,0.0,0.9734757491834677,27.127786276223777,0.26840362265575324,0.7941494709510442,88.02062647962458
1450,1455.0,73399,6226,0.08482404392430415,6789,0.09249444815324459,563,0.08292826631315363,54.846298559243664,89.80205762307624,97.99008671619623,0.9684600607637707,0.0,0.9729742285989404,26.73334786577474,0.26435166443932223,0.7900278310160588,85.1813753912266
1460,1465.0,71879,6157,0.08565784165055162,6695,0.09314264249641759,538,0.08035847647498133,54.23906921324081,89.40670229402718,97.34089259640052,0.9739284074625412,0.0,0.9767926971578471,26.885502024235173,0.2659147026125977,0.7878594194099127,86.69156899404182
1470,1475.0,72922,6325,0.0867365129864787,6890,0.09448451770384794,565,0.08200290275761973,54.818060912358106,89.91519795623172,97.84392691830698,0.9842297249115494,0.0,0.9848005057322528,26.94328186281232,0.26650825913616283,0.7909284878605131,86.14084389664558
1480,1485.0,73249,6425,0.08771450804789144,6951,0.09489549345383555,526,0.07567256509854697,54.640602713673815,89.3486816192544,97.33625628917812,0.9923821485617551,0.0,0.9916732704671098,27.13613837731573,0.26848942151242516,0.7934867455036435,86.95825450890923
1490,1495.0,73236,6539,0.0892866896062046,7080,0.09667376699983615,541,0.07641242937853107,54.70030183677415,88.61408909729846,97.24983245294378,0.9998634551313562,0.0,0.9968040756810934,27.158651482877275,0.26872069250592107,0.7939436161202231,86.52657034269608
1500,1505.0,75039,6472,0.08624848412159011,7096,0.09456415997014886,624,0.08793686583990981,54.296178218826086,88.74369768320065,97.28716082191649,1.0,0.0,0.9977777382665942,27.24399312357574,0.26959738390582344,0.7939523844671393,87.63219122924173
1510,1515.0,74429,6292,0.0845369412460197,6885,0.09250426581036962,593,0.08612926652142339,54.102972392120684,88.68202844590084,97.03122417322027,1.0,0.0,0.9958701319184893,27.26577006274436,0.2698210924627375,0.7953338662476358,87.28981441211646
1520,1525.0,75224,6387,0.08490641284696374,7019,0.09330798681271935,632,0.09004131642684143,54.37820481484853,89.43534130751019,98.09915605577653,1.0,0.0,0.9933982547508885,27.28100074444326,0.269977553102008,0.7939686475600967,87.95076017039175
1530,1535.0,76782,6517,0.08487666380141179,7051,0.09183141882211977,534,0.07573393844844703,55.50074269325873,90.16565872663124,97.80386205721304,1.0,0.0,0.990495030076396,27.454794092365397,0.27176288476702626,0.7966010761186912,88.82362304794428
1540,1545.0,76622,6257,0.08166061966537026,6896,0.09000026102163869,639,0.09266241299303944,55.36637034025868,89.84707787383432,97.42730804595875,0.9990211688548981,0.0,0.9880665822165332,27.437132938320588,0.2715814565482023,0.7962951928650349,88.63046257883737
1550,1555.0,76587,6153,0.08034000548395942,6778,0.08850065938083487,625,0.09221009147241074,55.83780370975451,90.8849318916038,97.76574599183496,0.9962917988692598,0.0,0.9889591579623355,27.534672986277045,0.27258345885902774,0.7988884786620997,88.61332267092932
1560,1565.0,77808,6115,0.07859089039687436,6831,0.08779302899444787,716,0.10481627872932221,55.23308808835933,89.34367654218218,97.46912689577671,0.9983934813900884,0.0,0.9933564005744742,27.699118342586882,0.2742727611556652,0.8032111165984273,89.2494330490384
1570,1575.0,76967,6485,0.08425688931620046,7149,0.09288396325698027,664,0.09288012309413904,54.819892299382765,89.85365542976852,97.44413739192704,1.0,0.0,0.9984871001070146,27.535554198552628,0.27259251131240425,0.7983640730649334,88.0773059733932
1580,1585.0,78980,6486,0.08212205621676373,7161,0.09066852367688022,675,0.09426057813154587,55.273615644819884,90.52544779552031,97.45850547785876,1.0,0.0,0.9994985924642784,27.819840465940743,0.275512906604664,0.8060967190997719,88.36112282589258
1590,1595.0,78829,6591,0.08361136130104403,7267,0.09218688553704855,676,0.09302325581395349,55.55770248001099,90.33132956010084,97.54107769186952,1.0,0.0,0.9988299241822505,27.788516916363267,0.27519112832264075,0.8054327247384669,88.38409964029037
1600,1605.0,78648,6283,0.07988760044756382,7016,0.08920760858508799,733,0.10447548460661346,55.160132251023256,89.4802447897047,97.70970700930685,1.0,0.0,0.9975618833597414,27.88270521818737,0.27615869905956114,0.8061856034594467,89.33931868827634
1610,1615.0,79022,6252,0.07911720786616386,6993,0.08849434334742223,741,0.10596310596310596,55.44943624483379,90.484078271648,97.1503379818516,1.0,0.0,0.9957987498807004,27.791792159145555,0.2752247739984952,0.8047345346271114,88.38489815304591
1620,1625.0,79226,6276,0.07921641885239694,6963,0.0878878146063161,687,0.0986643688065489,55.4296064687352,91.19223848893915,97.85699869579939,1.0,0.0,0.9935673171577142,27.863087875192488,0.27595717544515913,0.8060717290296792,88.90893765948975
1630,1635.0,80917,6263,0.07740029907188847,7009,0.08661962257622008,746,0.10643458410614924,56.21733285802941,90.07053268299335,97.60440772238283,1.0,0.0,0.9910350241017299,27.950418329893594,0.2768542973889068,0.8086375186408451,88.69866301427707
1640,1645.0,78632,6021,0.07657187913317733,6764,0.08602095838844237,743,0.10984624482554702,56.39049636567384,90.31514024360952,97.81628863259895,0.9983848814731916,0.0,0.9876450771139644,28.026223420490386,0.27763302241049204,0.8098254612124264,89.83290978803198
1650,1655.0,79208,5865,0.07404555095444905,6594,0.08324916675083324,729,0.1105550500454959,56.62100757497467,90.03553322822414,97.83831660631289,0.9942935057064943,0.0,0.9843789117401606,28.003042621957377,0.2773948923891984,0.809631126945705,88.98561268597099
1660,1665.0,82326,5997,0.07284454485824648,6745,0.08193037436532809,748,0.11089696071163825,57.13692714201765,90.60977477208569,97.6619962879916,0.9878896096008551,0.0,0.9814267930293412,28.037424385977697,0.27774808687413444,0.8115850477666231,89.08034953792306
1670,1675.0,80847,5727,0.07083750788526476,6417,0.07937214738951352,690,0.10752688172043011,57.53368693283237,90.87372360289041,97.5223692334941,0.9804198053112669,0.0,0.9774877057278025,28.193649733447128,0.279352947261775,0.8115785606165937,90.33258377956595
1680,1685.0,81433,5797,0.07118735647710388,6578,0.08077806294745374,781,0.11872909698996656,57.23647779294642,90.34061397397899,97.90541986394878,0.9738312477742439,0.0,0.9743917915710937,28.231564599118293,0.27974243633639695,0.8112922011659189,90.25771525845303
1690,1695.0,82548,5646,0.06839656926878906,6379,0.07727625139312885,733,0.11490829283586769,58.11934740478107,91.08694107505006,97.99339722108714,0.9673644425061783,0.0,0.9709660479401775,28.42981053447691,0.28177896276326275,0.8168835408946763,91.27774724766904
1700,1705.0,83831,5546,0.06615691092793835,6329,0.07549713113287447,783,0.12371622689208406,58.67121391187075,91.21788501732856,98.2737982866623,0.961625174458136,0.0,0.9663981737370269,28.546194128663622,0.28297453968536257,0.8168914215470514,91.83582921513887
1710,1715.0,84176,5358,0.06365234746245961,6140,0.07294240638661852,782,0.1273615635179153,58.546682220739285,92.02323876139664,97.61480946003479,0.9598460368751188,0.0,0.9641170642036706,28.942727143128682,0.28704801519759454,0.8219040307614117,94.29628164202242
1720,1725.0,85469,5342,0.06250219377786098,6136,0.07179211175981935,794,0.12940026075619296,59.21516391253054,91.73956836214339,97.93121640128749,0.9568966525874879,0.0,0.959471778895331,29.052486866583205,0.28817554690217284,0.8214994916314032,93.66282546111736
1730,1735.0,86659,4901,0.056555002942567996,5681,0.06555579916684938,780,0.13729977116704806,59.65738271499919,92.694179884758,98.24956081276326,0.955526835066179,0.0,0.9562019433670746,29.519484415929103,0.2929728853636352,0.827345366568632,96.6917193751872
1740,1745.0,88388,4923,0.05569760600986559,5725,0.06477123591437751,802,0.14008733624454148,59.47201969324272,92.7865024707766,98.50175257092741,0.9530026700457076,0.0,0.9516672315932118,29.73061954111418,0.29514181892235464,0.8294781527018571,97.85775232137959
1750,1755.0,88396,4889,0.05530793248563284,5732,0.06484456310240283,843,0.14706908583391487,60.679429648386886,92.71244277442312,98.16317906634072,0.9512195121951219,0.0,0.9465802601028049,29.61415674917417,0.29394542842333454,0.829668923207839,97.14270268520886
1760,1765.0,89249,4770,0.05344597698573653,5668,0.06350771437214983,898,0.1584333098094566,60.82848154430045,93.3029313004557,98.6169921952492,0.947002207307645,0.0,0.9402194899204618,29.516453965870767,0.29294175437667236,0.828744203327799,96.737294616579
1770,1775.0,90364,4854,0.05371608162542606,5749,0.06362046832809526,895,0.15567924856496781,61.53076039870415,93.07622378011776,98.51122962372247,0.9430082776326856,0.0,0.9346395839480278,29.39232437696428,0.2916666049633602,0.8272423760916164,95.52187164446299
1780,1785.0,89345,4704,0.05264984050590408,5567,0.062309026806200686,863,0.15502065744566193,61.917242386069844,92.79622776063277,98.38382744153296,0.933023672281605,0.0,0.9261491780986236,29.120196989199172,0.2888711145254096,0.8217409812164161,94.81566287038463
1790,1795.0,91247,4879,0.05347025107674773,5788,0.06343222242923055,909,0.15704906703524535,62.42676927114471,92.97360162119529,98.10609035834364,0.9252797352241717,0.0,0.9227456484386436,28.998520499304085,0.2876211651292146,0.8187722619964116,95.13810462005522
1800,1805.0,91966,4898,0.053258813039601595,5754,0.0625666007002588,856,0.14876607577337506,63.21638054316673,93.14593684948068,98.44727781388261,0.9152077941848075,0.0,0.9166238888415641,28.81932453297958,0.2857803338387902,0.8158823779742942,93.81387997826047
1810,1815.0,94433,5030,0.053265278027808075,5934,0.0628382027469211,904,0.15234243343444556,63.9459057730902,93.46869806690555,98.4818492538035,0.908961909501975,0.0,0.9142188183656438,28.897853504601144,0.2865870405472662,0.8172699489927128,95.20348577819345
1820,1825.0,95632,4970,0.051970051865484354,6000,0.06274050527020245,1030,0.17166666666666666,64.08783635326719,92.90554053074419,98.51334483150025,0.9019052200100385,0.0,0.9081018749059554,28.613382549774133,0.283664748011316,0.8144035076953536,92.74565406047837
1830,1835.0,99160,5208,0.052521177894312224,6256,0.06308995562726906,1048,0.16751918158567775,64.77508700932015,93.22075147936354,98.37321979799958,0.8964300121016539,0.0,0.9023536797196967,28.476472367890278,0.28225830705196364,0.8115547005579649,92.5457730791546
1840,1845.0,99687,5273,0.05289556311254226,6322,0.06341849990470172,1049,0.16592850363808923,64.6866011357135,93.86600991934526,98.50856240016005,0.8878489672675475,0.0,0.8932437345274372,28.117287108650075,0.27856849484340523,0.8058396574695942,91.1102620161006
1850,1855.0,101338,5425,0.053533718841895436,6451,0.06365825258047327,1026,0.15904510928538212,64.62222978972086,94.17996220015272,98.67376827515321,0.8846336023998895,0.0,0.8898544541046385,27.91566835737828,0.27649732039852226,0.8034206277173098,89.85921545081915
1860,1865.0,103230,5607,0.054315605928509154,6715,0.06504891988762956,1108,0.1650037230081906,65.75023397155935,93.65125901080137,98.65478088410295,0.8789596047660564,0.0,0.884828317887011,27.76163905841325,0.27491501941824514,0.7995598203827793,90.35446443657284
1870,1875.0,104674,5751,0.05494201043239009,6832,0.06526931234117354,1081,0.15822599531615925,65.06757293354258,93.91000597879304,98.66495908395923,0.8725184859659514,0.0,0.880388165386932,27.450522574851444,0.27171900463256476,0.7951107823520909,88.94068881794631
1880,1885.0,106256,5982,0.056297997289564826,6972,0.0656151182050896,990,0.14199655765920827,65.52100940005101,93.21639173642279,98.48144493875432,0.8701626261105255,0.0,0.8769448007177226,27.44905699442855,0.2717039491245841,0.7918112288702494,89.92239195978098
1890,1895.0,110911,6091,0.05491790715077855,7178,0.06471855812317985,1087,0.1514349400947339,66.4576237195445,93.82886515466406,98.7632825097696,0.8676416225622345,0.0,0.8737929949102571,27.3984365842883,0.27118393945677977,0.7906236382489333,90.24560325310368
1900,1905.0,112581,6344,0.056350538723230384,7434,0.06603245663122552,1090,0.1466236211998924,66.15625051289948,93.2097247687924,98.33358836558868,0.8600030200477878,0.0,0.8659032898521462,27.264840426004387,0.269811542558045,0.7823712021838911,91.16972104056276
1910,1915.0,117328,6541,0.05574969316787127,7626,0.06499727260330015,1085,0.14227642276422764,66.41721526053726,94.07376291454428,98.41119893302992,0.8620619119050866,0.0,0.8673234711605698,27.38776762580117,0.27107434015595744,0.7839895701938789,92.55711080817359
1920,1925.0,124533,6940,0.055728200557282004,8122,0.0652196606521966,1182,0.1455306574735287,67.40298550441912,93.71890431789356,98.93869050910898,0.8619562686195626,0.0,0.8663786142168701,27.251290822512907,0.26967235117672345,0.7815297027584919,91.56116301910917
1930,1935.0,126830,7302,0.057573129385792,8485,0.06690057557360246,1183,0.13942251031231584,67.2033588495081,93.7206138278462,98.71676562790714,0.8532366159426004,0.0,0.8581988330152089,26.958093510998975,0.2666604151584439,0.775921978654301,89.58419222807356
1940,1945.0,129304,7376,0.05704386561900637,8635,0.06678061003526573,1259,0.14580196873190504,66.63921078575467,93.47817130729206,98.62089408472332,0.8418765080739962,0.0,0.8481991772316428,26.69778197116872,0.26398630570382403,0.7690419632854542,89.46845494389504
1950,1955.0,137530,7920,0.05758743546862503,9197,0.06687268232385661,1277,0.1388496248776775,67.01120628442521,93.10997918669297,98.44623540450334,0.8405802370391915,0.0,0.8458894518870068,26.38984221624373,0.2608229245850492,0.7654992269990077,86.764651919157
1960,1965.0,142204,8419,0.05920367922140024,9722,0.06836657196703327,1303,0.13402592059247068,67.16697916454825,93.58087632426736,98.33185522917763,0.8317628196112626,0.0,0.8376603315973359,25.91714016483362,0.25596698532965445,0.7571015436117332,85.25147720374551
1970,1975.0,149763,9291,0.06203802007171331,10644,0.07107229422487531,1353,0.12711386696730553,66.5166039960122,92.7485586347272,98.31775073900522,0.8289230317234564,0.0,0.8335545741745848,25.7386737712252,0.2541336487407678,0.7516226676019861,84.59599850138535
1980,1985.0,171675,11038,0.06429590796563274,12620,0.07351099461191204,1582,0.12535657686212362,67.43998683254637,93.14760390755062,98.41931849125174,0.8367321974661425,0.0,0.8403502973159797,25.3297626328819,0.2499330161377867,0.7511828512112253,82.05402971168107
1990,1995.0,104992,5746,0.0547279792746114,6672,0.06354769887229503,926,0.13878896882494005,65.67377593866046,93.04852339565234,98.78060377624988,0.6908716854617495,0.0,0.7025783265172028,22.497676013410544,0.2208397626832174,0.6907834095637823,69.2282539567781
2000,2005.0,66141,2588,0.03912852844680304,3075,0.04649158615684674,487,0.1583739837398374,68.68146757119823,94.65041393186198,98.83047354243584,0.5552078136103173,0.0,0.5667573701244258,19.563704812446137,0.1906998767096739,0.62618746030907,56.081485300696194
2010,2015.0,59108,2513,0.04251539554713406,2965,0.0501624145631725,452,0.1524451939291737,68.95086423216259,94.15514423226767,98.4016874393338,0.6031501657981999,0.0,0.6060958261464315,19.883687487311363,0.1939869714605621,0.6311812235592028,57.467599985980115
2020,2025.0,48547,2399,0.049416029826765816,2890,0.05952994005808804,491,0.1698961937716263,69.92671120900401,94.54487280300427,98.70883611292992,0.7406842853317404,0.0,0.741258604293331,22.45910148927843,0.22044349711713293,0.6945957691253847,67.79405010812823
2030,2035.0,40229,2528,0.06284023962812896,3050,0.07581595366526635,522,0.17114754098360654,70.27535872353798,94.71141619722509,98.89044130066107,0.900594098784459,0.0,0.9003313390145053,25.101817097118992,0.2475913938158587,0.7682763370900662,76.9577151813797
2040,2045.0,36386,2505,0.06884516022646073,3030,0.08327378662122795,525,0.17326732673267325,68.95493984703516,94.72313828811315,99.06070340587058,0.9842521849062826,0.0,0.9838075873478763,26.590859121640193,0.26288791643139464,0.8160603596402067,80.41711476195637
2050,2055.0,33994,2532,0.07448373242336882,2950,0.08678002000353004,418,0.14169491525423727,69.5620327574859,94.44423431180581,98.77692897778081,0.9825263281755604,0.0,0.9826543739929744,25.75316232276284,0.2542824856792909,0.8097733346012078,74.57687766923003
2060,2065.0,33377,2380,0.0713065883692363,2885,0.08643676783413728,505,0.17504332755632582,70.25575419321396,94.9882155187576,98.85815639278759,0.9846301345237739,0.0,0.9846749564832892,25.64718219132936,0.25319378069274695,0.8099385143357316,73.37792527388844
2070,2075.0,33524,2547,0.07597542059420118,3026,0.09026369168356999,479,0.15829477858559154,70.41814926653106,95.05386878522573,98.95139892427629,0.9909020403293163,0.0,0.990904486823701,25.438551485502924,0.2510505743510754,0.8072796560890966,73.17657581206008
2080,2085.0,32840,2478,0.07545676004872107,3028,0.09220462850182704,550,0.18163804491413474,69.73495969374845,95.02400678415134,99.14727072799643,0.9971985383678441,0.0,0.9971986220046383,25.272411693057247,0.2493438655741335,0.8063719254253207,71.24828967002185
2090,2095.0,32912,2589,0.07866431696645601,3054,0.0927929022848809,465,0.15225933202357564,69.8878067846206,94.42969199389113,98.88735942799514,1.0,0.0,1.0,25.198195187165776,0.2485814596499756,0.8062682943089376,71.23670521065283
2100,2105.0,33245,2691,0.08094450293277185,3207,0.09646563392991428,516,0.16089803554724041,70.6798547646993,94.79576886823004,98.88753272418863,1.0,0.0,1.0,25.123868250864792,0.24781791930433825,0.8057744772971375,70.814851515286
2110,2115.0,33267,2671,0.08028977665554453,3201,0.0962214807466859,530,0.1655732583567635,70.16602879507101,94.60009986884093,98.5038317141201,1.0,0.0,1.0,24.786364866083506,0.24435083907885777,0.8027381506808857,68.2858267007536
2120,2125.0,32796,2576,0.07854616416636175,3063,0.09339553604098061,487,0.15899444988573294,69.86780852823753,94.42143020404535,99.12691471601732,1.0,0.0,1.0,24.543054030979388,0.24185137322733363,0.8003470648757697,67.38607927415332
2130,2135.0,32948,2611,0.07924608473958966,3148,0.0955444943547408,537,0.17058449809402795,69.96807107149627,94.70948219955126,98.93892084815812,1.0,0.0,1.0,24.450953016875076,0.24090524462789842,0.7992716053855292,66.4213478237149
2140,2145.0,33128,2741,0.08273967640666506,3281,0.09904008693552283,540,0.16458396830234684,69.99652595098314,94.9854344246868,99.1365392854985,1.0,0.0,1.0,24.18513040328423,0.23817452141555612,0.7968116434012547,64.12755396004736
2150,2155.0,33043,2745,0.08307357080168265,3268,0.09890143146808704,523,0.16003671970624234,69.60541982498586,94.17700855507047,98.97482620260368,1.0,0.0,1.0,23.88859970341676,0.23512834240782665,0.7922223516037771,62.918596117448885
2160,2165.0,33012,2798,0.08475705803950079,3321,0.10059978189749182,523,0.1574826859379705,69.89722556490733,94.307416549461,98.75019191686972,1.0,0.0,1.0,23.593602326426755,0.2320979148078384,0.7888306734408886,61.25674138002431
2170,2175.0,33425,2787,0.08338070306656695,3313,0.09911742707554226,526,0.15876848777543012,70.85457157768357,95.10510658937173,99.03637188557408,1.0,0.0,1.0,23.477307404637248,0.23090324879309165,0.7883430007682907,60.13647203858473
2180,2185.0,32814,2918,0.0889254586457,3452,0.10519900042664716,534,0.15469293163383546,69.5577490680479,94.98534095622587,99.06681397037838,1.0,0.0,1.0,22.971567014079355,0.22570791569008788,0.7816862638960073,57.36419298649813
2190,2195.0,32963,2983,0.09049540393774838,3508,0.10642235233443557,525,0.14965792474344355,70.55443108436764,94.96153323167431,98.81980832936914,1.0,0.0,1.0,22.66465430937718,0.22255508517814734,0.7792388437610046,55.5197672533325
2200,2205.0,33178,2959,0.08918560491892218,3530,0.10639580444873109,571,0.16175637393767706,70.70946945637753,95.2577165223401,98.87402641720156,1.0,0.0,1.0,22.53110494906263,0.22118316902218876,0.7784045936953793,54.486525392408666
2210,2215.0,32926,2925,0.08883557067363178,3512,0.10666342707890421,587,0.16714123006833714,70.85004032621585,95.03087113874919,98.96781904670232,1.0,0.0,1.0,22.283787887991252,0.21864254830391008,0.7766605847605657,52.76068004885377
2220,2225.0,33084,3042,0.09194776931447225,3628,0.10966025873534034,586,0.1615214994487321,70.0287073707513,94.8071663719399,98.88937323764569,1.0,0.0,1.0,21.83650707290533,0.21404775447620922,0.7694468199344587,50.534348956616604
2230,2235.0,32485,3047,0.09379713714021856,3642,0.1121132830537171,595,0.16337177375068643,71.16765713795304,94.96192434649915,98.77173492766867,1.0,0.0,1.0,21.456179775280898,0.21014075587334008,0.7662755863888177,48.19145733847783
2240,2245.0,32795,3128,0.09538039335264523,3727,0.11364537277023937,599,0.16071907700563456,70.838274264678,94.85314940985552,98.99262025969267,1.0,0.0,1.0,21.17569751486507,0.20725943810725017,0.7619502931765517,47.18084067874523
2250,2255.0,32851,3254,0.09905330126936775,3879,0.11807859730297403,625,0.16112400103119362,70.34792070734218,94.95687946818072,98.88985086402587,1.0,0.0,1.0,21.058902316520044,0.20605963288788764,0.759211982228241,46.62403760911497
2260,2265.0,32709,3178,0.09715980311229325,3794,0.1159925402794338,616,0.16236162361623616,71.30100334238338,94.83923085264601,98.59958800168046,1.0,0.0,1.0,21.184597511388304,0.20735086534426156,0.7624069046946306,46.79107269198301
2270,2275.0,32928,3181,0.09660471331389699,3739,0.11355077745383868,558,0.14923776410805029,71.480733568551,95.42183849835534,98.95766014747214,1.0,0.0,1.0,21.112791545189506,0.20661322223694667,0.7605976862992635,46.420276167934865
2280,2285.0,32528,3127,0.09613256271519921,3701,0.11377889818002951,574,0.1550932180491759,71.46967796221622,95.06129845102242,99.1316147164507,1.0,0.0,1.0,21.152945154943435,0.2070257093189643,0.7625882396649665,46.557069483115576
2290,2295.0,32869,3045,0.09264048191304877,3636,0.1106209498311479,591,0.16254125412541254,71.62013928510883,94.90691583567323,98.78444373740652,1.0,0.0,1.0,21.11938300526332,0.20668093450861402,0.7619720334194872,46.444140430693565
2300,2305.0,32565,3097,0.09510210348533701,3742,0.11490864424996161,645,0.172367717797969,71.69099898491473,95.2745342777218,98.97632070427439,1.0,0.0,1.0,21.137325349301396,0.20686525131555064,0.7625931437004779,46.46689993362276
2310,2315.0,32559,3064,0.0941060843391996,3707,0.11385484812187106,643,0.17345562449420016,71.83720400052368,95.08542866413353,98.82854094653506,1.0,0.0,1.0,21.1617678675635,0.2071163426395159,0.7624396960446027,46.54060987245094
2320,2325.0,32066,3010,0.09386889540323083,3635,0.11335994511320402,625,0.171939477303989,71.79221422166506,95.34941132772293,99.17727040987901,1.0,0.0,1.0,21.20501465726938,0.20756060511558538,0.7632311394661176,46.50390550657032
2330,2335.0,32045,2964,0.09249492900608519,3598,0.11227960680293338,634,0.17620900500277933,72.35137026454316,95.30577133304932,98.77424580927209,1.0,0.0,1.0,21.34083320330785,0.20895583199761691,0.7681153467751615,47.07801319072536
2340,2345.0,32192,3001,0.09322191848906561,3652,0.11344433399602386,651,0.17825848849945236,72.01280726873307,95.52741497300556,99.13666902816624,1.0,0.0,1.0,21.255653578528825,0.20808080494306877,0.7650580649516833,46.75193525962459
2350,2355.0,31992,2915,0.09111652913228308,3561,0.11130907726931732,646,0.18140971637180567,72.519996829655,95.22337849564394,99.06004676450804,1.0,0.0,1.0,21.366060265066267,0.20921498272295339,0.7679717633001444,47.231106303024376
2360,2365.0,31933,2925,0.09159803338239439,3577,0.11201578304575205,652,0.1822756499860218,72.99078351870158,94.79666703456363,98.76195602393322,1.0,0.0,1.0,21.329283186672093,0.20883718182672237,0.7670529537788219,46.78055955781861
2370,2375.0,32241,2888,0.08957538537886542,3550,0.11010824726280202,662,0.18647887323943663,73.01339208095123,96.075410886375,99.02826032327258,1.0,0.0,1.0,21.39359821345492,0.20949787255640046,0.7682302154492853,47.16085281757769
2380,2385.0,32453,2880,0.08874372168982837,3524,0.1085878039010261,644,0.18274687854710556,73.61319222556433,95.16860770331556,99.09700207357209,1.0,0.0,1.0,21.50041598619542,0.21059518240364378,0.7710209885228708,47.64628662206288
2390,2395.0,32555,2920,0.0896943633850407,3594,0.11039778835816311,674,0.18753478018920422,73.08837689355717,95.83094538111926,98.94288622448968,1.0,0.0,1.0,21.325971432959605,0.20880316108403954,0.7665744947244234,46.878081432266384
2400,2405.0,32085,2892,0.09013557737260403,3567,0.11117344553529687,675,0.18923465096719932,73.27651904070447,95.8723489819439,98.77095649163823,1.0,0.0,1.0,21.497989714820008,0.21057025797951456,0.7707053229893212,47.38140953985759
2410,2415.0,32096,2877,0.08963733798604187,3546,0.11048105682951147,669,0.188663282571912,73.24909016824516,95.88592247691346,98.8637321576816,1.0,0.0,1.0,21.435069790628116,0.20992389875827058,0.7684308827693491,47.207276073765705
2420,2425.0,31912,2926,0.09168964652795186,3612,0.11318626222110804,686,0.18992248062015504,73.4717732750018,95.49258794358815,98.627938889024,1.0,0.0,1.0,21.438455753321634,0.20995868182957675,0.7685514170139921,47.47535023066375
2430,2435.0,31999,2873,0.08978405575174224,3541,0.11065970811587862,668,0.18864727478113527,74.27346413380154,95.63901739711537,99.14837293682815,1.0,0.0,1.0,21.479296228007126,0.21037822488770946,0.7701926752115059,47.297894976369335
2440,2445.0,31915,2830,0.08867303775654081,3516,0.11016763277455742,686,0.1951080773606371,74.87927449605702,95.9557475138316,99.03110014992413,1.0,0.0,1.0,21.527118909603633,0.21086949425320092,0.7709640305321898,47.45721247237775
2450,2455.0,31727,2811,0.08859961546947395,3502,0.11037917231380212,691,0.19731581953169616,74.0990256301555,95.9581163232283,99.17319199539534,1.0,0.0,1.0,21.56601632678791,0.21126907681154844,0.7714157860389225,48.00905590946358
2460,2465.0,31863,2812,0.08825283243887895,3504,0.10997081254119198,692,0.19748858447488585,74.23619682229149,96.16004759113297,98.82246407669145,1.0,0.0,1.0,21.60986096726611,0.21171948084555176,0.7718548795060532,47.99779731647548
2470,2475.0,31488,2716,0.08625508130081301,3400,0.10797764227642276,684,0.2011764705882353,74.72487362997131,95.8047019440462,99.15554766339905,1.0,0.0,1.0,21.6577743902439,0.2122116823725055,0.7728842968718336,48.03142779615636
2480,2485.0,31392,2710,0.08632772680937818,3344,0.10652395514780835,634,0.1895933014354067,75.58188757511047,96.11178878812306,99.15732318840348,1.0,0.0,1.0,21.714162844036696,0.21279094557964967,0.7747426688558052,48.150790166904535
2490,2495.0,31403,2653,0.08448237429544948,3338,0.10629557685571442,685,0.20521270221689636,75.18827905908094,95.97321230782671,99.00854152907681,1.0,0.0,1.0,21.781008183931473,0.2134776295258414,0.7758608452001098,48.25041073474674
2500,2505.0,31119,2628,0.08445001446061891,3345,0.10749060059770559,717,0.21434977578475337,75.82336836707611,96.02302073114048,99.32295167777562,1.0,0.0,1.0,21.757929239371446,0.21324054582263385,0.7749240922470004,48.46298408074304
2510,2515.0,31619,2773,0.08770043328378506,3504,0.11081944400518676,731,0.2086187214611872,76.00368229735764,96.00936753701437,98.94682127396213,1.0,0.0,1.0,21.69790315949271,0.21262391427478866,0.773834179436466,48.28940565162694
2520,2525.0,30795,2683,0.08712453320344211,3402,0.11047247929858743,719,0.21134626690182245,76.41435098063138,96.32879339808756,99.09929157567899,1.0,0.0,1.0,21.792823510310114,0.21359900515136745,0.7770601640757488,48.58643069993835
2530,2535.0,31102,2622,0.084303260240499,3323,0.10684200372966368,701,0.21095395726752933,77.01947541354558,96.61903231986773,98.97131465810001,1.0,0.0,1.0,21.75265256253617,0.21318633996059877,0.7749059410402626,48.535899231859226
2540,2545.0,31460,2571,0.08172282263191354,3304,0.10502225047679593,733,0.22185230024213076,76.7232393209193,96.72354729727303,99.40748575353366,1.0,0.0,1.0,21.950158931977114,0.21521526902849208,0.7797693872820446,49.32858247581439
2550,2555.0,31006,2602,0.0839192414371412,3310,0.10675353157453396,708,0.21389728096676738,76.43104283585464,96.17871854599461,98.93161843483504,1.0,0.0,1.0,21.915790492162806,0.21486221141949058,0.77826855120695,48.87446803490333
2560,2565.0,31008,2540,0.08191434468524252,3229,0.1041344169246646,689,0.2133787550325178,76.92780686887046,96.7697666997145,99.44528133479842,1.0,0.0,1.0,21.99203431372549,0.21564544340463448,0.7796725340674032,49.34099434171094
2570,2575.0,30859,2562,0.08302278103632652,3243,0.10509089730710652,681,0.20999074930619796,76.84751443282124,96.40327101858136,99.36318944263442,1.0,0.0,1.0,21.855763310541494,0.2142455685537444,0.7759373531945806,48.91319495555204
2580,2585.0,30242,2382,0.07876463196878514,3090,0.10217578202499834,708,0.229126213592233,77.33503378414693,96.42274448724542,99.24819025628273,1.0,0.0,1.0,22.026750876264796,0.2160020771834474,0.7803097399129,49.50179889267702
2590,2595.0,30166,2577,0.08542730226082344,3325,0.11022343035205198,748,0.22496240601503759,77.50133338690736,96.57755497980912,99.13253496653152,1.0,0.0,1.0,21.826029304515018,0.21394011921910874,0.7760931349692316,48.910262414930614
2600,2605.0,30140,2472,0.08201725282017253,3224,0.10696748506967485,752,0.23325062034739455,77.46542399999832,96.99191399743015,99.43806524301797,1.0,0.0,1.0,21.952687458526874,0.21524124389213967,0.7787533087770995,49.118366923653156
2610,2615.0,29658,2418,0.08152943556544609,3139,0.10583990828781442,721,0.2296909843899331,76.99808249073439,96.47499973590268,99.22745344892996,1.0,0.0,1.0,21.960651426259357,0.21532305556066425,0.7784900885814078,49.26560145760483
2620,2625.0,29801,2432,0.08160799973155264,3166,0.10623804570316432,734,0.23183828174352494,77.55075118815294,96.67808061667209,99.30096741082416,1.0,0.0,1.0,21.817153786785678,0.213848943446071,0.7752348099285263,48.86541833307914
2630,2635.0,29227,2400,0.08211585178088754,3127,0.10699011188284806,727,0.2324912056283978,78.02665898951685,96.55812735120823,99.1132523040434,1.0,0.0,1.0,21.92065555821672,0.2149121889162262,0.7780301456090377,49.15321607625596
2640,2645.0,29350,2442,0.08320272572402045,3185,0.10851788756388416,743,0.23328100470957613,77.4906795043477,96.44335680471951,99.29546396470558,1.0,0.0,1.0,21.858909710391824,0.21427789066129774,0.77508994492718,49.081583840910035
2650,2655.0,29230,2375,0.08125213821416354,3091,0.10574751967157031,716,0.23164024587512133,79.06196271921269,97.21456565869796,99.46136409141948,1.0,0.0,1.0,21.800342114266165,0.21367624171927962,0.7746343740496432,48.775933220758446
2660,2665.0,29264,2444,0.08351558228540186,3202,0.10941771459814106,758,0.23672704559650218,78.59916029817654,97.03431505648015,99.22991483384689,1.0,0.0,1.0,21.810278840896665,0.2137783190019384,0.7738696561523666,49.02250144174928
2670,2675.0,29097,2459,0.08451043062858714,3204,0.11011444478812249,745,0.23252184769038703,77.6658176001614,96.7542390226757,99.21902938526561,1.0,0.0,1.0,21.687802866274875,0.21252015671718727,0.7698226518679921,48.61650203308894
2680,2685.0,28913,2500,0.08646629543803826,3220,0.11136858852419326,720,0.2236024844720497,78.30267563451366,96.40840215044012,99.48037511289971,1.0,0.0,1.0,21.66489122540034,0.21228479167911252,0.7694143057818881,48.85791853284954
2690,2695.0,29121,2498,0.08578002129047767,3231,0.11095086020397651,733,0.22686474775611265,78.37180305176294,96.52497141766823,99.44566715113038,1.0,0.0,1.0,21.58095532433639,0.21142254105909195,0.7670012136357642,48.21838278439681
2700,2705.0,28616,2495,0.08718898518311434,3235,0.11304864411518031,740,0.2287480680061824,78.64006885433574,96.92659361550676,99.41350929475028,1.0,0.0,1.0,21.59826670394185,0.21160037614049348,0.7670389945268925,48.36093465662381
2710,2715.0,28378,2575,0.0907393050954965,3259,0.11484248361406724,684,0.20988033138999693,78.17937034497962,96.51387935265768,99.18642284248986,1.0,0.0,1.0,21.335612093875536,0.20890219696435772,0.7608315065250187,47.5109363775302
2720,2725.0,28272,2492,0.08814374646293152,3225,0.1140704584040747,733,0.22728682170542636,78.74925589949117,96.55105544139532,99.18578018402641,1.0,0.0,1.0,21.29032258064516,0.20843695014662753,0.7611389046037813,47.48623901828966
2730,2735.0,28295,2509,0.08867291040819933,3252,0.11493196677858279,743,0.22847478474784746,78.13959839182658,96.60051652314635,99.42639080990354,1.0,0.0,1.0,21.029404488425516,0.20575660974473475,0.7554002125471128,46.54228478080916
2740,2745.0,27745,2552,0.09198053703369977,3308,0.11922868985402775,756,0.22853688029020555,78.74369233571589,96.81227813202067,99.17289961214196,1.0,0.0,1.0,20.820364029554874,0.2036091941217909,0.7509942430593138,45.84499592923085
2750,2755.0,27182,2622,0.09646089323817232,3326,0.12236038554926054,704,0.211665664461816,78.80705390168873,96.59391998101903,99.19837854730939,1.0,0.0,1.0,20.58075196821426,0.20114772476438278,0.7474989141789598,44.50612752168436
2760,2765.0,26688,2575,0.09648531175059952,3269,0.12248950839328537,694,0.2122973386356684,78.2247420811902,96.53531811319553,98.93389615057282,1.0,0.0,1.0,20.248388788968825,0.19773344846849789,0.7408913139462454,43.93885830932476
2770,2775.0,26799,2752,0.10269039889548118,3500,0.1306018881301541,748,0.21371428571428572,78.93474545559485,96.83827457040744,99.24913536304716,1.0,0.0,1.0,19.94831896712564,0.1946509130259269,0.7342748991505954,42.54868882149527
2780,2785.0,26342,2607,0.09896742844127249,3283,0.12462986865082377,676,0.20590922936338715,77.93647854665107,96.31493260369378,99.03142295990146,1.0,0.0,1.0,19.762546503682334,0.19274252317419116,0.7300681188465724,42.11728189199993
2790,2795.0,25739,2725,0.10587046893818719,3417,0.1327557403162516,692,0.20251682762657303,78.44255099580694,96.29277597222095,99.08521493762065,1.0,0.0,1.0,19.47414429465014,0.18977984593595137,0.7239871819396557,41.19505786809003
2800,2805.0,25332,2722,0.10745302384336018,3396,0.13405968735196588,674,0.19846878680800942,78.69811068650252,96.82951147289616,99.28833908032718,1.0,0.0,1.0,19.22666982472762,0.18723760819947452,0.7185295173476393,40.29203095888387
2810,2815.0,24810,2715,0.1094316807738815,3424,0.13800886739218057,709,0.2070677570093458,78.72318142538336,96.66709307354108,99.20476821065267,1.0,0.0,1.0,19.01825876662636,0.1850966582389798,0.7138296899865677,39.772848835356
2820,2825.0,24206,2695,0.11133603238866396,3357,0.13868462364702966,662,0.19719988084599344,78.61516189542618,96.83592099636375,99.30815503272217,1.0,0.0,1.0,18.696893332231678,0.1817953587765617,0.7070713751199603,38.56548017708695
2830,2835.0,23171,2691,0.11613654999784213,3339,0.14410254197056666,648,0.1940700808625337,79.11511823811561,96.88024560965914,99.21069148325984,1.0,0.0,1.0,18.437357041128998,0.17912921324068876,0.7012259632059956,37.71640472227316
2840,2845.0,23185,2703,0.11658399827474661,3348,0.14440370929480267,645,0.19265232974910393,78.35032022295022,96.65451370155725,98.98775357969633,1.0,0.0,1.0,18.098813888289843,0.17565145176152286,0.6918233926893763,36.916325188097446
2850,2855.0,22534,2719,0.12066211058844413,3393,0.1505724682701695,674,0.19864426760978485,77.65938976515315,96.56298709854083,99.12316791315305,1.0,0.0,1.0,17.776515487707464,0.1723405681919039,0.683169710728361,35.9617156193527
2860,2865.0,21767,2645,0.1215142187715349,3253,0.14944640970276107,608,0.1869043959422072,77.96163455008181,96.98593296924315,99.20293771887734,1.0,0.0,1.0,17.68259291588184,0.17137572722678612,0.6817137794708039,35.82089345994647
2870,2875.0,21236,2698,0.1270484083631569,3312,0.15596157468449803,614,0.18538647342995168,77.72239804314769,96.20336488228727,99.3438255983641,1.0,0.0,1.0,17.255415332454323,0.1669874484152125,0.66986252350133,34.52521592516586
2880,2885.0,20500,2689,0.13117073170731708,3276,0.1598048780487805,587,0.17918192918192918,77.62806881783249,96.26791540147397,99.17900143770352,1.0,0.0,1.0,17.047756097560974,0.16485422172948996,0.6640642385562937,33.852306510148466
2890,2895.0,19464,2599,0.1335285655569256,3160,0.16235100698725852,561,0.17753164556962026,77.30612449154577,96.12327207068711,99.13325347074255,1.0,0.0,1.0,16.83502877106453,0.16266893192093557,0.6580147208258912,33.343689678743644
2900,2905.0,18612,2502,0.1344294003868472,3079,0.16543090479260691,577,0.1873985060084443,78.21347452100281,96.5523944697505,99.17833096939499,1.0,0.0,1.0,16.8576724693746,0.1629015444581208,0.66048583637114,33.10097014028431
2910,2915.0,17944,2402,0.13386090057958092,2914,0.16239411502452072,512,0.1757035003431709,76.78303727854984,96.17744040002134,99.15343449677103,1.0,0.0,1.0,16.32579135086937,0.1574376747862035,0.6441613412515083,31.840649583413153
2920,2925.0,16526,2429,0.14698051555125258,2889,0.174815442333293,460,0.1592246452059536,77.23886896454515,96.23779656180926,99.47764328548132,1.0,0.0,1.0,16.099056032917826,0.15510848470179214,0.6375314193502003,31.426381930051676
2930,2935.0,15308,2323,0.15175071857852104,2788,0.18212699242226288,465,0.16678622668579626,76.4165902463397,95.67554018629886,98.89413562695258,1.0,0.0,1.0,15.48974392474523,0.1488491875905646,0.617666105851486,29.49567610096977
2940,2945.0,13797,2169,0.15720808871493802,2557,0.1853301442342538,388,0.15174032068830662,76.78986947629562,96.044229188951,98.85681095787508,1.0,0.0,1.0,15.104080597231283,0.1448873734079213,0.6057165477286007,28.635312555534124
2950,2955.0,12220,2026,0.1657937806873977,2320,0.18985270049099837,294,0.1267241379310345,75.59819776170268,95.55402962108224,99.39098277977382,1.0,0.0,1.0,14.417430441898526,0.13783360363041208,0.5817098926531225,27.095867243843934
2960,2965.0,9774,1713,0.1752608962553714,1945,0.1989973398813178,232,0.119280205655527,75.4806448161065,94.85262637844207,98.99922135705148,1.0,0.0,1.0,14.011970534069981,0.1336684245772643,0.566115942791209,25.947833724443633
2970,2975.0,6282,1217,0.19372811206622095,1374,0.218720152817574,157,0.11426491994177583,74.60666645796472,94.90998227213626,98.69085389018788,1.0,0.0,1.0,13.142629735752944,0.12473792364909839,0.5334237351235376,24.36793604925798
2980,2985.0,3073,696,0.2264887731858119,760,0.24731532704197853,64,0.08421052631578947,73.29772675092076,90.83657629757425,97.13456032003937,1.0,0.0,1.0,11.424015619915393,0.10708306955003989,0.4597929842238261,20.77226576992426
2990,2995.0,1392,362,0.2600574712643678,382,0.2744252873563218,20,0.05235602094240838,72.44562317882277,86.13435706362739,95.15193352499588,1.0,0.0,1.0,9.90301724137931,0.09145826802507832,0.3824885859672598,18.457989310432044
3000,3005.0,292,14,,22,0.07534246575342465,8,0.36363636363636365,,,,1.0,0.0,1.0,21.52054794520548,0.21080199252801987,0.8061926624932588,45.96411674453763
3010,3015.0,280,11,,27,0.09642857142857143,16,0.5925925925925926,,,,1.0,0.0,1.0,21.946428571428573,0.21517694805194798,0.8165858533415555,46.37450143949319
3020,3025.0,200,9,,18,0.09,9,0.5,,,,1.0,0.0,1.0,22.155,0.21731954545454543,0.815762962803972,46.85868192939718
3030,3035.0,133,7,,17,0.12781954887218044,10,0.5882352941176471,,,,1.0,0.0,1.0,21.330827067669173,0.2088530416951469,0.8035820828481235,47.7668099181202
3040,3045.0,56,2,,4,0.07142857142857142,2,0.5,,,,1.0,0.0,1.0,20.803571428571427,0.20343668831168824,0.7927583033348222,39.662065002574096
3050,3055.0,24,0,,0,0.0,0,0.0,,,,1.0,0.0,1.0,18.666666666666668,0.18148484848484844,0.737781855274957,31.114936669259915
3060,3065.0,22,3,,3,0.13636363636363635,0,0.0,,,,1.0,0.0,1.0,18.636363636363637,0.1811735537190082,0.7351493904271339,37.48655357607197
3070,3075.0,16,1,,1,0.0625,0,0.0,,,,1.0,0.0,1.0,20.75,0.2028863636363636,0.7788338152611216,40.44400528067881
3080,3085.0,6,0,,0,0.0,0,0.0,,,,1.0,0.0,1.0,18.0,0.1746363636363636,0.7106431311554319,39.89402001239116
3090,3095.0,4,0,,0,0.0,0,0.0,,,,1.0,0.0,1.0,14.0,0.1335454545454545,0.6172336393949842,23.927122037742492
